"","zip","type","city","county","area"
"1","73001","P.O. Box","Albert","Caddo","405"
"2","73002","Standard","Alex","Grady","405"
"3","73003","Standard","Edmond","Oklahoma","405"
"4","73004","Standard","Amber","Grady","405"
"5","73005","Standard","Anadarko","Caddo","405"
"6","73006","Standard","Apache","Caddo","580"
"7","73007","Standard","Arcadia","Oklahoma","405"
"8","73008","Standard","Bethany","Oklahoma","405"
"9","73009","Standard","Binger","Caddo","405"
"10","73010","Standard","Blanchard","Mcclain","405"
"11","73011","Standard","Bradley","Grady","405"
"12","73012","Standard","Edmond","Oklahoma","405"
"13","73013","Standard","Edmond","Oklahoma","405"
"14","73014","Standard","Calumet","Canadian","405"
"15","73015","Standard","Carnegie","Caddo","580ÿ/ÿ405"
"16","73016","Standard","Cashion","Kingfisher","405"
"17","73017","Standard","Cement","Caddo","405"
"18","73018","Standard","Chickasha","Grady","405"
"19","73019","Unique","Norman","Cleveland","405"
"20","73020","Standard","Choctaw","Oklahoma","405"
"21","73021","Standard","Colony","Washita","405ÿ/ÿ580"
"22","73022","P.O. Box","Concho","Canadian","405"
"23","73023","P.O. Box","Chickasha","Grady","405"
"24","73024","Standard","Corn","Washita","580"
"25","73025","Standard","Edmond","Oklahoma","405"
"26","73026","Standard","Norman","Cleveland","405"
"27","73027","Standard","Coyle","Logan","405"
"28","73028","Standard","Crescent","Logan","405"
"29","73029","Standard","Cyril","Caddo","580"
"30","73030","Standard","Davis","Murray","580"
"31","73031","P.O. Box","Dibble","Mcclain","405"
"32","73032","P.O. Box","Dougherty","Murray","580"
"33","73033","P.O. Box","Eakly","Caddo","580ÿ/ÿ405"
"34","73034","Standard","Edmond","Oklahoma","405"
"35","73036","Standard","El Reno","Canadian","405"
"36","73038","Standard","Fort Cobb","Caddo","405"
"37","73039","P.O. Box","Davis","Murray","580"
"38","73040","Standard","Geary","Blaine","405"
"39","73041","Standard","Gotebo","Kiowa","580"
"40","73042","Standard","Gracemont","Caddo","405"
"41","73043","Standard","Greenfield","Blaine","405"
"42","73044","Standard","Guthrie","Logan","405"
"43","73045","Standard","Harrah","Oklahoma","405"
"44","73047","Standard","Hinton","Caddo","405"
"45","73048","Standard","Hydro","Caddo","580ÿ/ÿ405"
"46","73049","Standard","Jones","Oklahoma","405"
"47","73050","P.O. Box","Langston","Logan","405"
"48","73051","Standard","Lexington","Cleveland","405"
"49","73052","Standard","Lindsay","Garvin","405"
"50","73053","Standard","Lookeba","Caddo","405"
"51","73054","Standard","Luther","Oklahoma","405"
"52","73055","Standard","Marlow","Stephens","580"
"53","73056","Standard","Marshall","Logan","580"
"54","73057","Standard","Maysville","Garvin","405"
"55","73058","Standard","Meridian","Logan","405"
"56","73059","Standard","Minco","Grady","405"
"57","73061","Standard","Morrison","Noble","580"
"58","73062","Standard","Mountain View","Kiowa","580"
"59","73063","Standard","Mulhall","Logan","405"
"60","73064","Standard","Mustang","Canadian","405"
"61","73065","Standard","Newcastle","Mcclain","405"
"62","73066","P.O. Box","Nicoma Park","Oklahoma","405"
"63","73067","Standard","Ninnekah","Grady","405"
"64","73068","Standard","Noble","Cleveland","405"
"65","73069","Standard","Norman","Cleveland","405"
"66","73070","P.O. Box","Norman","Cleveland","405"
"67","73071","Standard","Norman","Cleveland","405"
"68","73072","Standard","Norman","Cleveland","405"
"69","73073","Standard","Orlando","Logan","580"
"70","73074","Standard","Paoli","Garvin","405"
"71","73075","Standard","Pauls Valley","Garvin","405"
"72","73077","Standard","Perry","Noble","580"
"73","73078","Standard","Piedmont","Canadian","405"
"74","73079","Standard","Pocasset","Grady","405"
"75","73082","Standard","Rush Springs","Grady","580"
"76","73083","P.O. Box","Edmond","Oklahoma","405"
"77","73084","Standard","Spencer","Oklahoma","405"
"78","73085","P.O. Box","Yukon","Canadian","405"
"79","73086","Standard","Sulphur","Murray","580"
"80","73089","Standard","Tuttle","Grady","405"
"81","73090","Standard","Union City","Canadian","405"
"82","73092","Standard","Verden","Grady","405"
"83","73093","Standard","Washington","Mcclain","405"
"84","73095","Standard","Wayne","Mcclain","405"
"85","73096","Standard","Weatherford","Custer","580"
"86","73097","P.O. Box","Wheatland","Oklahoma","405"
"87","73098","Standard","Wynnewood","Garvin","405ÿ/ÿ580"
"88","73099","Standard","Yukon","Canadian","405"
"89","73101","P.O. Box","Oklahoma City","Oklahoma","405"
"90","73102","Standard","Oklahoma City","Oklahoma","405"
"91","73103","Standard","Oklahoma City","Oklahoma","405"
"92","73104","Standard","Oklahoma City","Oklahoma","405"
"93","73105","Standard","Oklahoma City","Oklahoma","405"
"94","73106","Standard","Oklahoma City","Oklahoma","405"
"95","73107","Standard","Oklahoma City","Oklahoma","405"
"96","73108","Standard","Oklahoma City","Oklahoma","405"
"97","73109","Standard","Oklahoma City","Oklahoma","405"
"98","73110","Standard","Oklahoma City","Oklahoma","405"
"99","73111","Standard","Oklahoma City","Oklahoma","405"
"100","73112","Standard","Oklahoma City","Oklahoma","405"
"101","73113","P.O. Box","Oklahoma City","Oklahoma","405"
"102","73114","Standard","Oklahoma City","Oklahoma","405"
"103","73115","Standard","Oklahoma City","Oklahoma","405"
"104","73116","Standard","Oklahoma City","Oklahoma","405"
"105","73117","Standard","Oklahoma City","Oklahoma","405"
"106","73118","Standard","Oklahoma City","Oklahoma","405"
"107","73119","Standard","Oklahoma City","Oklahoma","405"
"108","73120","Standard","Oklahoma City","Oklahoma","405"
"109","73121","Standard","Oklahoma City","Oklahoma","405"
"110","73122","Standard","Oklahoma City","Oklahoma","405"
"111","73123","P.O. Box","Oklahoma City","Oklahoma","405"
"112","73124","P.O. Box","Oklahoma City","Oklahoma","405"
"113","73125","P.O. Box","Oklahoma City","Oklahoma","405"
"114","73126","P.O. Box","Oklahoma City","Oklahoma","405"
"115","73127","Standard","Oklahoma City","Oklahoma","405"
"116","73128","Standard","Oklahoma City","Oklahoma","405"
"117","73129","Standard","Oklahoma City","Oklahoma","405"
"118","73130","Standard","Oklahoma City","Oklahoma","405"
"119","73131","Standard","Oklahoma City","Oklahoma","405"
"120","73132","Standard","Oklahoma City","Oklahoma","405"
"121","73134","Standard","Oklahoma City","Oklahoma","405"
"122","73135","Standard","Oklahoma City","Oklahoma","405"
"123","73136","P.O. Box","Oklahoma City","Oklahoma","405"
"124","73137","P.O. Box","Oklahoma City","Oklahoma","405"
"125","73139","Standard","Oklahoma City","Oklahoma","405"
"126","73140","P.O. Box","Oklahoma City","Oklahoma","405"
"127","73141","Standard","Oklahoma City","Oklahoma","405"
"128","73142","Standard","Oklahoma City","Oklahoma","405"
"129","73143","P.O. Box","Oklahoma City","Oklahoma","405"
"130","73144","P.O. Box","Oklahoma City","Oklahoma","405"
"131","73145","Standard","Oklahoma City","Oklahoma","405"
"132","73145","Standard","Tinker AFB","Oklahoma","405"
"133","73146","P.O. Box","Oklahoma City","Oklahoma","405"
"134","73147","P.O. Box","Oklahoma City","Oklahoma","405"
"135","73148","P.O. Box","Oklahoma City","Oklahoma","405"
"136","73149","Standard","Oklahoma City","Oklahoma","405"
"137","73150","Standard","Oklahoma City","Oklahoma","405"
"138","73151","Standard","Oklahoma City","Oklahoma","405"
"139","73152","P.O. Box","Oklahoma City","Oklahoma","405"
"140","73153","P.O. Box","Oklahoma City","Cleveland","405"
"141","73154","P.O. Box","Oklahoma City","Oklahoma","405"
"142","73155","P.O. Box","Oklahoma City","Oklahoma","405"
"143","73156","P.O. Box","Oklahoma City","Oklahoma","405"
"144","73157","P.O. Box","Oklahoma City","Oklahoma","405"
"145","73159","Standard","Oklahoma City","Oklahoma","405"
"146","73160","Standard","Oklahoma City","Cleveland","405"
"147","73162","Standard","Oklahoma City","Oklahoma","405"
"148","73163","Standard","Oklahoma City","Oklahoma","405"
"149","73165","Standard","Oklahoma City","Cleveland","405"
"150","73167","Standard","Oklahoma City","Oklahoma","405"
"151","73169","Standard","Oklahoma City","Oklahoma","405"
"152","73170","Standard","Oklahoma City","Cleveland","405"
"153","73172","P.O. Box","Oklahoma City","Oklahoma","405"
"154","73173","Standard","Oklahoma City","Oklahoma","405"
"155","73178","P.O. Box","Oklahoma City","Oklahoma","405"
"156","73179","Standard","Oklahoma City","Oklahoma","405"
"157","73184","Unique","Oklahoma City","Oklahoma","405"
"158","73189","P.O. Box","Oklahoma City","Cleveland","405"
"159","73190","Unique","Oklahoma City","Oklahoma","405"
"160","73194","Unique","Oklahoma City","Oklahoma","405"
"161","73195","Standard","Oklahoma City","Oklahoma","405"
"162","73196","Unique","Oklahoma City","Oklahoma","405"
"163","73401","Standard","Ardmore","Carter","580"
"164","73402","P.O. Box","Ardmore","Carter","580"
"165","73403","P.O. Box","Ardmore","Carter","580"
"166","73425","P.O. Box","Countyline","Stephens","580"
"167","73430","Standard","Burneyville","Love","580"
"168","73432","Standard","Coleman","Johnston","580"
"169","73433","Standard","Elmore City","Garvin","580"
"170","73434","Standard","Foster","Stephens","580"
"171","73435","P.O. Box","Fox","Carter","580"
"172","73436","P.O. Box","Gene Autry","Carter","580"
"173","73437","Standard","Graham","Carter","580"
"174","73438","Standard","Healdton","Carter","580"
"175","73439","Standard","Kingston","Marshall","580"
"176","73440","Standard","Lebanon","Marshall","580"
"177","73441","Standard","Leon","Love","580"
"178","73442","Standard","Loco","Stephens","580"
"179","73443","Standard","Lone Grove","Carter","580"
"180","73444","Standard","Hennepin","Carter","580"
"181","73446","Standard","Madill","Marshall","580"
"182","73447","Standard","Mannsville","Johnston","580"
"183","73448","Standard","Marietta","Love","580"
"184","73449","Standard","Mead","Bryan","580"
"185","73450","Standard","Milburn","Johnston","580"
"186","73453","Standard","Overbrook","Love","580"
"187","73455","P.O. Box","Ravia","Johnston","580"
"188","73456","Standard","Ringling","Jefferson","580"
"189","73458","Standard","Springer","Carter","580"
"190","73459","Standard","Thackerville","Love","580"
"191","73460","Standard","Tishomingo","Johnston","580"
"192","73461","Standard","Wapanucka","Johnston","580"
"193","73463","Standard","Wilson","Carter","580"
"194","73481","Standard","Ratliff City","Carter","580"
"195","73487","P.O. Box","Tatums","Carter","580"
"196","73488","Standard","Tussy","Carter","580"
"197","73491","P.O. Box","Velma","Stephens","580"
"198","73501","Standard","Lawton","Comanche","580"
"199","73502","P.O. Box","Lawton","Comanche","580"
"200","73503","Standard","Fort Sill","Comanche","580"
"201","73505","Standard","Lawton","Comanche","580"
"202","73506","P.O. Box","Lawton","Comanche","580"
"203","73507","Standard","Lawton","Comanche","580"
"204","73520","P.O. Box","Addington","Jefferson","580"
"205","73521","Standard","Altus","Jackson","580"
"206","73522","P.O. Box","Altus","Jackson","580"
"207","73523","Standard","Altus AFB","Jackson","580"
"208","73526","Standard","Blair","Jackson","580"
"209","73527","Standard","Cache","Comanche","580"
"210","73528","Standard","Chattanooga","Comanche","580"
"211","73529","Standard","Comanche","Stephens","580"
"212","73530","Standard","Davidson","Tillman","580"
"213","73531","Standard","Devol","Cotton","580"
"214","73532","Standard","Duke","Jackson","580"
"215","73533","Standard","Duncan","Stephens","580"
"216","73534","P.O. Box","Duncan","Stephens","580"
"217","73536","Unique","Duncan","Stephens","580"
"218","73537","Standard","Eldorado","Jackson","580"
"219","73538","Standard","Elgin","Comanche","580"
"220","73539","Standard","Elmer","Jackson","580"
"221","73540","Standard","Faxon","Comanche","580"
"222","73541","Standard","Fletcher","Comanche","580"
"223","73543","Standard","Geronimo","Comanche","580"
"224","73544","Standard","Gould","Harmon","580"
"225","73546","Standard","Grandfield","Tillman","580"
"226","73547","Standard","Granite","Greer","580"
"227","73548","Standard","Hastings","Jefferson","580"
"228","73549","Standard","Headrick","Jackson","580"
"229","73550","Standard","Hollis","Harmon","580"
"230","73551","Standard","Hollister","Tillman","580"
"231","73552","Standard","Indiahoma","Comanche","580"
"232","73553","Standard","Loveland","Tillman","580"
"233","73554","Standard","Mangum","Greer","580"
"234","73555","P.O. Box","Manitou","Tillman","580"
"235","73556","P.O. Box","Martha","Jackson","580"
"236","73557","P.O. Box","Medicine Park","Comanche","580"
"237","73558","P.O. Box","Meers","Comanche","580"
"238","73559","Standard","Mountain Park","Kiowa","580"
"239","73560","Standard","Olustee","Jackson","580"
"240","73561","Standard","Oscar","Jefferson","580"
"241","73562","Standard","Randlett","Cotton","580"
"242","73564","Standard","Roosevelt","Kiowa","580"
"243","73565","Standard","Ryan","Jefferson","580"
"244","73566","Standard","Snyder","Kiowa","580"
"245","73567","P.O. Box","Sterling","Comanche","580"
"246","73568","Standard","Temple","Cotton","580"
"247","73569","Standard","Terral","Jefferson","580"
"248","73570","Standard","Tipton","Tillman","580"
"249","73571","Standard","Vinson","Harmon","580"
"250","73572","Standard","Walters","Cotton","580"
"251","73573","Standard","Waurika","Jefferson","580"
"252","73601","Standard","Clinton","Custer","580"
"253","73620","Standard","Arapaho","Custer","580"
"254","73622","Standard","Bessie","Washita","580"
"255","73624","P.O. Box","Burns Flat","Washita","580"
"256","73625","Standard","Butler","Custer","580"
"257","73626","Standard","Canute","Washita","580"
"258","73627","Standard","Carter","Beckham","580"
"259","73628","Standard","Cheyenne","Roger Mills","580"
"260","73632","Standard","Cordell","Washita","580"
"261","73638","Standard","Crawford","Roger Mills","580"
"262","73639","Standard","Custer City","Custer","580"
"263","73641","Standard","Dill City","Washita","580"
"264","73642","Standard","Durham","Roger Mills","580"
"265","73644","Standard","Elk City","Beckham","580"
"266","73645","Standard","Erick","Beckham","580"
"267","73646","Standard","Fay","Dewey","580"
"268","73647","Standard","Foss","Washita","580"
"269","73648","P.O. Box","Elk City","Beckham","580"
"270","73650","Standard","Hammon","Roger Mills","580"
"271","73651","Standard","Hobart","Kiowa","580"
"272","73654","Standard","Leedey","Dewey","580"
"273","73655","Standard","Lone Wolf","Kiowa","580"
"274","73658","Standard","Oakwood","Dewey","580"
"275","73659","Standard","Putnam","Dewey","580"
"276","73660","Standard","Reydon","Roger Mills","580"
"277","73661","Standard","Rocky","Washita","580"
"278","73662","Standard","Sayre","Beckham","580"
"279","73663","Standard","Seiling","Dewey","580"
"280","73664","Standard","Sentinel","Washita","580"
"281","73666","Standard","Sweetwater","Roger Mills","580"
"282","73667","Standard","Taloga","Dewey","580"
"283","73668","Standard","Texola","Beckham","580"
"284","73669","Standard","Thomas","Custer","580"
"285","73673","Standard","Willow","Greer","580"
"286","73701","Standard","Enid","Garfield","580"
"287","73702","P.O. Box","Enid","Garfield","580"
"288","73703","Standard","Enid","Garfield","580"
"289","73705","Standard","Enid","Garfield","580"
"290","73706","P.O. Box","Enid","Garfield","580"
"291","73716","Standard","Aline","Alfalfa","580"
"292","73717","Standard","Alva","Woods","580"
"293","73718","Standard","Ames","Major","580"
"294","73719","Standard","Amorita","Alfalfa","580"
"295","73720","Standard","Bison","Garfield","580"
"296","73722","Standard","Burlington","Alfalfa","580"
"297","73726","Standard","Carmen","Alfalfa","580"
"298","73727","Standard","Carrier","Garfield","580"
"299","73728","Standard","Cherokee","Alfalfa","580"
"300","73729","Standard","Cleo Springs","Major","580"
"301","73730","Standard","Covington","Garfield","580"
"302","73731","Standard","Dacoma","Woods","580"
"303","73733","Standard","Douglas","Garfield","580"
"304","73734","Standard","Dover","Kingfisher","405"
"305","73735","Standard","Drummond","Garfield","580"
"306","73736","Standard","Fairmont","Garfield","580"
"307","73737","Standard","Fairview","Major","580"
"308","73738","Standard","Garber","Garfield","580"
"309","73739","Standard","Goltry","Alfalfa","580"
"310","73741","Standard","Helena","Alfalfa","580"
"311","73742","Standard","Hennessey","Kingfisher","405"
"312","73743","P.O. Box","Hillsdale","Garfield","580"
"313","73744","Standard","Hitchcock","Blaine","580"
"314","73746","P.O. Box","Hopeton","Woods","580"
"315","73747","Standard","Isabella","Major","580"
"316","73749","Standard","Jet","Alfalfa","580"
"317","73750","Standard","Kingfisher","Kingfisher","405"
"318","73753","Standard","Kremlin","Garfield","580"
"319","73754","Standard","Lahoma","Garfield","580"
"320","73755","Standard","Longdale","Blaine","580"
"321","73756","Standard","Loyal","Kingfisher","405"
"322","73757","Standard","Lucien","Noble","580"
"323","73758","Standard","Manchester","Grant","580"
"324","73759","Standard","Medford","Grant","580"
"325","73760","Standard","Meno","Major","580"
"326","73761","Standard","Nash","Grant","580"
"327","73762","Standard","Okarche","Kingfisher","405"
"328","73763","Standard","Okeene","Blaine","580"
"329","73764","Standard","Omega","Kingfisher","405"
"330","73766","Standard","Pond Creek","Grant","580"
"331","73768","Standard","Ringwood","Major","580"
"332","73770","Standard","Southard","Blaine","580"
"333","73771","Standard","Wakita","Grant","580"
"334","73772","Standard","Watonga","Blaine","580"
"335","73773","Standard","Waukomis","Garfield","580"
"336","73801","Standard","Woodward","Woodward","580"
"337","73802","P.O. Box","Woodward","Woodward","580"
"338","73832","Standard","Arnett","Ellis","580"
"339","73834","Standard","Buffalo","Harper","580"
"340","73835","Standard","Camargo","Dewey","580"
"341","73838","Standard","Chester","Major","580"
"342","73840","Standard","Fargo","Ellis","580"
"343","73841","Standard","Fort Supply","Woodward","580"
"344","73842","Standard","Freedom","Woods","580"
"345","73843","Standard","Gage","Ellis","580"
"346","73844","Standard","Gate","Beaver","580"
"347","73848","Standard","Laverne","Harper","580"
"348","73851","Standard","May","Harper","580"
"349","73852","Standard","Mooreland","Woodward","580"
"350","73853","Standard","Mutual","Woodward","580"
"351","73855","Standard","Rosston","Harper","580"
"352","73857","Standard","Sharon","Woodward","580"
"353","73858","Standard","Shattuck","Ellis","580"
"354","73859","Standard","Vici","Dewey","580"
"355","73860","Standard","Waynoka","Woods","580"
"356","73901","P.O. Box","Adams","Texas","580"
"357","73931","Standard","Balko","Beaver","580"
"358","73932","Standard","Beaver","Beaver","580"
"359","73933","Standard","Boise City","Cimarron","580"
"360","73937","Standard","Felt","Cimarron","580"
"361","73938","Standard","Forgan","Beaver","580"
"362","73939","Standard","Goodwell","Texas","580"
"363","73942","Standard","Guymon","Texas","580"
"364","73944","Standard","Hardesty","Texas","580"
"365","73945","Standard","Hooker","Texas","580"
"366","73946","Standard","Kenton","Cimarron","580"
"367","73947","Standard","Keyes","Cimarron","580"
"368","73949","Standard","Texhoma","Texas","580"
"369","73950","Standard","Turpin","Beaver","580"
"370","73951","Standard","Tyrone","Texas","580"
"371","74002","Standard","Barnsdall","Osage","918"
"372","74003","Standard","Bartlesville","Washington","918"
"373","74004","Unique","Bartlesville","Washington","918"
"374","74005","P.O. Box","Bartlesville","Washington","918"
"375","74006","Standard","Bartlesville","Washington","918"
"376","74008","Standard","Bixby","Tulsa","918"
"377","74010","Standard","Bristow","Creek","918"
"378","74011","Standard","Broken Arrow","Tulsa","918"
"379","74012","Standard","Broken Arrow","Tulsa","918"
"380","74013","P.O. Box","Broken Arrow","Tulsa","918"
"381","74014","Standard","Broken Arrow","Wagoner","918"
"382","74015","Standard","Catoosa","Rogers","918"
"383","74016","Standard","Chelsea","Rogers","918"
"384","74017","Standard","Claremore","Rogers","918"
"385","74018","P.O. Box","Claremore","Rogers","918"
"386","74019","Standard","Claremore","Rogers","918"
"387","74020","Standard","Cleveland","Pawnee","918"
"388","74021","Standard","Collinsville","Tulsa","918"
"389","74022","Standard","Copan","Washington","918"
"390","74023","Standard","Cushing","Payne","918"
"391","74026","P.O. Box","Davenport","Lincoln","405ÿ/ÿ918"
"392","74027","Standard","Delaware","Nowata","918"
"393","74028","Standard","Depew","Creek","918"
"394","74029","Standard","Dewey","Washington","918"
"395","74030","Standard","Drumright","Creek","918"
"396","74031","P.O. Box","Foyil","Rogers","918"
"397","74032","Standard","Glencoe","Payne","580"
"398","74033","Standard","Glenpool","Tulsa","918"
"399","74034","P.O. Box","Hallett","Pawnee","918"
"400","74035","Standard","Hominy","Osage","918"
"401","74036","Standard","Inola","Rogers","918"
"402","74037","Standard","Jenks","Tulsa","918"
"403","74038","Standard","Jennings","Pawnee","918"
"404","74039","Standard","Kellyville","Creek","918"
"405","74041","Standard","Kiefer","Creek","918"
"406","74042","Standard","Lenapah","Nowata","918"
"407","74043","P.O. Box","Leonard","Tulsa","918"
"408","74044","Standard","Mannford","Creek","918"
"409","74045","Standard","Maramec","Pawnee","918"
"410","74046","P.O. Box","Milfay","Creek","918"
"411","74047","Standard","Mounds","Creek","918"
"412","74048","Standard","Nowata","Nowata","918"
"413","74050","P.O. Box","Oakhurst","Tulsa","918"
"414","74051","Standard","Ochelata","Washington","918"
"415","74052","P.O. Box","Oilton","Creek","918"
"416","74053","Standard","Oologah","Rogers","918"
"417","74054","Standard","Osage","Osage","918"
"418","74055","Standard","Owasso","Tulsa","918"
"419","74056","Standard","Pawhuska","Osage","918"
"420","74058","Standard","Pawnee","Pawnee","918"
"421","74059","Standard","Perkins","Payne","405ÿ/ÿ918"
"422","74060","Standard","Prue","Osage","918"
"423","74061","Standard","Ramona","Washington","918"
"424","74062","Standard","Ripley","Payne","405ÿ/ÿ918"
"425","74063","Standard","Sand Springs","Tulsa","918"
"426","74066","Standard","Sapulpa","Creek","918"
"427","74067","P.O. Box","Sapulpa","Creek","918"
"428","74068","P.O. Box","Shamrock","Creek","918"
"429","74070","Standard","Skiatook","Tulsa","918"
"430","74071","P.O. Box","Slick","Creek","918"
"431","74072","Standard","S Coffeyville","Nowata","918"
"432","74073","Standard","Sperry","Tulsa","918"
"433","74074","Standard","Stillwater","Payne","405"
"434","74075","Standard","Stillwater","Payne","405"
"435","74076","P.O. Box","Stillwater","Payne","405"
"436","74077","Unique","Stillwater","Payne","405"
"437","74078","Unique","Stillwater","Payne","405"
"438","74079","Standard","Stroud","Lincoln","918"
"439","74080","Standard","Talala","Rogers","918"
"440","74081","Standard","Terlton","Pawnee","918"
"441","74082","P.O. Box","Vera","Washington","918"
"442","74083","Standard","Wann","Nowata","918"
"443","74084","Standard","Wynona","Osage","918"
"444","74085","Standard","Yale","Payne","918"
"445","74102","P.O. Box","Tulsa","Tulsa","918ÿ/ÿ539"
"446","74103","Standard","Tulsa","Tulsa","918ÿ/ÿ539"
"447","74104","Standard","Tulsa","Tulsa","918"
"448","74105","Standard","Tulsa","Tulsa","918"
"449","74106","Standard","Tulsa","Tulsa","918"
"450","74107","Standard","Tulsa","Tulsa","918"
"451","74108","Standard","Tulsa","Tulsa","918"
"452","74110","Standard","Tulsa","Tulsa","918"
"453","74112","Standard","Tulsa","Tulsa","918"
"454","74114","Standard","Tulsa","Tulsa","918"
"455","74115","Standard","Tulsa","Tulsa","918"
"456","74116","Standard","Tulsa","Tulsa","918"
"457","74117","Standard","Tulsa","Tulsa","918"
"458","74119","Standard","Tulsa","Tulsa","918ÿ/ÿ539"
"459","74120","Standard","Tulsa","Tulsa","918ÿ/ÿ539"
"460","74121","P.O. Box","Tulsa","Tulsa","918ÿ/ÿ539"
"461","74126","Standard","Tulsa","Tulsa","918"
"462","74127","Standard","Tulsa","Tulsa","918"
"463","74128","Standard","Tulsa","Tulsa","918"
"464","74129","Standard","Tulsa","Tulsa","918"
"465","74130","Standard","Tulsa","Tulsa","918"
"466","74131","Standard","Tulsa","Creek","918"
"467","74132","Standard","Tulsa","Tulsa","918"
"468","74133","Standard","Tulsa","Tulsa","918"
"469","74134","Standard","Tulsa","Tulsa","918"
"470","74135","Standard","Tulsa","Tulsa","918"
"471","74136","Standard","Tulsa","Tulsa","918"
"472","74137","Standard","Tulsa","Tulsa","918"
"473","74141","Unique","Tulsa","Tulsa","918ÿ/ÿ539"
"474","74145","Standard","Tulsa","Tulsa","918"
"475","74146","Standard","Tulsa","Tulsa","918"
"476","74147","P.O. Box","Tulsa","Tulsa","918ÿ/ÿ539"
"477","74148","P.O. Box","Tulsa","Tulsa","918ÿ/ÿ539"
"478","74149","P.O. Box","Tulsa","Tulsa","918ÿ/ÿ539"
"479","74150","P.O. Box","Tulsa","Tulsa","918ÿ/ÿ539"
"480","74152","P.O. Box","Tulsa","Tulsa","918ÿ/ÿ539"
"481","74153","P.O. Box","Tulsa","Tulsa","918ÿ/ÿ539"
"482","74155","P.O. Box","Tulsa","Tulsa","918ÿ/ÿ539"
"483","74156","P.O. Box","Tulsa","Tulsa","918ÿ/ÿ539"
"484","74157","P.O. Box","Tulsa","Tulsa","918ÿ/ÿ539"
"485","74158","P.O. Box","Tulsa","Tulsa","918ÿ/ÿ539"
"486","74159","P.O. Box","Tulsa","Tulsa","918ÿ/ÿ539"
"487","74169","P.O. Box","Tulsa","Tulsa","918ÿ/ÿ539"
"488","74170","P.O. Box","Tulsa","Tulsa","918ÿ/ÿ539"
"489","74171","Unique","Tulsa","Tulsa","918"
"490","74172","Standard","Tulsa","Tulsa","918ÿ/ÿ539"
"491","74182","Unique","Tulsa","Tulsa","918ÿ/ÿ539"
"492","74186","Unique","Tulsa","Tulsa","918ÿ/ÿ539"
"493","74187","Unique","Tulsa","Tulsa","918ÿ/ÿ539"
"494","74192","Unique","Tulsa","Tulsa","918ÿ/ÿ539"
"495","74193","Unique","Tulsa","Tulsa","918ÿ/ÿ539"
"496","74301","Standard","Vinita","Craig","918"
"497","74330","Standard","Adair","Mayes","918"
"498","74331","Standard","Afton","Ottawa","918"
"499","74332","Standard","Big Cabin","Craig","918"
"500","74333","Standard","Bluejacket","Craig","918"
"501","74335","P.O. Box","Cardin","Ottawa","918"
"502","74337","Standard","Chouteau","Mayes","918"
"503","74338","Standard","Colcord","Delaware","918"
"504","74339","Standard","Commerce","Ottawa","918"
"505","74340","P.O. Box","Disney","Mayes","918"
"506","74342","Standard","Eucha","Delaware","918"
"507","74343","Standard","Fairland","Ottawa","918"
"508","74344","Standard","Grove","Delaware","918"
"509","74345","P.O. Box","Grove","Delaware","918"
"510","74346","Standard","Jay","Delaware","918"
"511","74347","Standard","Kansas","Delaware","918"
"512","74349","P.O. Box","Ketchum","Mayes","918"
"513","74350","P.O. Box","Langley","Mayes","918"
"514","74352","Standard","Locust Grove","Mayes","918"
"515","74354","Standard","Miami","Ottawa","918"
"516","74355","P.O. Box","Miami","Ottawa","918"
"517","74358","P.O. Box","North Miami","Ottawa","918"
"518","74359","Standard","Oaks","Delaware","918"
"519","74361","Standard","Pryor","Mayes","918"
"520","74362","P.O. Box","Pryor","Mayes","918"
"521","74363","Standard","Quapaw","Ottawa","918"
"522","74364","Standard","Rose","Mayes","918"
"523","74365","Standard","Salina","Mayes","918"
"524","74366","Standard","Spavinaw","Mayes","918"
"525","74367","Standard","Strang","Mayes","918"
"526","74368","Standard","Twin Oaks","Delaware","918"
"527","74369","Standard","Welch","Craig","918"
"528","74370","Standard","Wyandotte","Ottawa","918"
"529","74401","Standard","Muskogee","Muskogee","918"
"530","74402","P.O. Box","Muskogee","Muskogee","918"
"531","74403","Standard","Muskogee","Muskogee","918"
"532","74421","Standard","Beggs","Okmulgee","918"
"533","74422","Standard","Boynton","Muskogee","918"
"534","74423","Standard","Braggs","Muskogee","918"
"535","74425","Standard","Canadian","Pittsburg","918"
"536","74426","Standard","Checotah","Mcintosh","918"
"537","74427","Standard","Cookson","Cherokee","918"
"538","74428","Standard","Council Hill","Muskogee","918"
"539","74429","Standard","Coweta","Wagoner","918"
"540","74430","P.O. Box","Crowder","Pittsburg","918"
"541","74431","P.O. Box","Dewar","Okmulgee","918"
"542","74432","Standard","Eufaula","Mcintosh","918"
"543","74434","Standard","Fort Gibson","Muskogee","918"
"544","74435","Standard","Gore","Sequoyah","918"
"545","74436","Standard","Haskell","Muskogee","918"
"546","74437","Standard","Henryetta","Okmulgee","918"
"547","74438","P.O. Box","Hitchita","Mcintosh","918"
"548","74439","P.O. Box","Braggs","Muskogee","918"
"549","74440","P.O. Box","Hoyt","Haskell","918"
"550","74441","Standard","Hulbert","Cherokee","918"
"551","74442","Standard","Indianola","Pittsburg","918"
"552","74444","P.O. Box","Moodys","Cherokee","918"
"553","74445","Standard","Morris","Okmulgee","918"
"554","74446","P.O. Box","Okay","Wagoner","918"
"555","74447","Standard","Okmulgee","Okmulgee","918"
"556","74450","Standard","Oktaha","Muskogee","918"
"557","74451","Standard","Park Hill","Cherokee","918"
"558","74452","Standard","Peggs","Cherokee","918"
"559","74454","Standard","Porter","Wagoner","918"
"560","74455","Standard","Porum","Muskogee","918"
"561","74456","P.O. Box","Preston","Okmulgee","918"
"562","74457","Standard","Proctor","Adair","918"
"563","74458","P.O. Box","Redbird","Wagoner","918"
"564","74459","P.O. Box","Rentiesville","Mcintosh","918"
"565","74460","P.O. Box","Schulter","Okmulgee","918"
"566","74461","Standard","Stidham","Mcintosh","918"
"567","74462","Standard","Stigler","Haskell","918"
"568","74463","P.O. Box","Taft","Muskogee","918"
"569","74464","Standard","Tahlequah","Cherokee","918"
"570","74465","P.O. Box","Tahlequah","Cherokee","918"
"571","74467","Standard","Wagoner","Wagoner","918"
"572","74468","P.O. Box","Wainwright","Muskogee","918"
"573","74469","Standard","Warner","Muskogee","918"
"574","74470","Standard","Webbers Falls","Muskogee","918"
"575","74471","Standard","Welling","Cherokee","918"
"576","74472","Standard","Whitefield","Haskell","918"
"577","74477","P.O. Box","Wagoner","Wagoner","918"
"578","74501","Standard","Mcalester","Pittsburg","918"
"579","74502","P.O. Box","Mcalester","Pittsburg","918"
"580","74521","P.O. Box","Albion","Pushmataha","918"
"581","74522","P.O. Box","Alderson","Pittsburg","918"
"582","74523","Standard","Antlers","Pushmataha","580"
"583","74525","Standard","Atoka","Atoka","580"
"584","74528","Standard","Blanco","Pittsburg","918"
"585","74529","Standard","Blocker","Pittsburg","918"
"586","74530","P.O. Box","Bromide","Johnston","580"
"587","74531","Standard","Calvin","Hughes","405ÿ/ÿ580"
"588","74533","Standard","Caney","Atoka","580"
"589","74534","Standard","Centrahoma","Coal","580"
"590","74535","P.O. Box","Clarita","Coal","580"
"591","74536","Standard","Clayton","Pushmataha","918"
"592","74538","Standard","Coalgate","Coal","580"
"593","74543","Standard","Finley","Pushmataha","580"
"594","74545","P.O. Box","Gowen","Latimer","918"
"595","74546","P.O. Box","Haileyville","Pittsburg","918"
"596","74547","Standard","Hartshorne","Pittsburg","918"
"597","74549","Standard","Honobia","Le Flore","580ÿ/ÿ918"
"598","74552","Standard","Kinta","Haskell","918"
"599","74553","Standard","Kiowa","Pittsburg","918"
"600","74554","P.O. Box","Krebs","Pittsburg","918"
"601","74555","Standard","Lane","Atoka","580"
"602","74556","P.O. Box","Lehigh","Coal","580"
"603","74557","Standard","Moyers","Pushmataha","580"
"604","74558","Standard","Nashoba","Pushmataha","918"
"605","74559","P.O. Box","Panola","Latimer","918"
"606","74560","Standard","Pittsburg","Pittsburg","918"
"607","74561","Standard","Quinton","Pittsburg","918"
"608","74562","Standard","Rattan","Pushmataha","580"
"609","74563","Standard","Red Oak","Latimer","918"
"610","74565","P.O. Box","Savanna","Pittsburg","918"
"611","74567","Standard","Snow","Pushmataha","918"
"612","74569","Standard","Stringtown","Atoka","580"
"613","74570","Standard","Stuart","Hughes","918ÿ/ÿ405ÿ/ÿ580"
"614","74571","Standard","Talihina","Latimer","918"
"615","74572","Standard","Tupelo","Coal","580"
"616","74574","Standard","Tuskahoma","Pushmataha","918"
"617","74576","Standard","Wardville","Pittsburg","918"
"618","74577","Standard","Whitesboro","Le Flore","580ÿ/ÿ918"
"619","74578","Standard","Wilburton","Latimer","918"
"620","74601","Standard","Ponca City","Kay","580"
"621","74602","P.O. Box","Ponca City","Kay","580"
"622","74604","Standard","Ponca City","Kay","580"
"623","74630","Standard","Billings","Noble","580"
"624","74631","Standard","Blackwell","Kay","580"
"625","74632","Standard","Braman","Kay","580"
"626","74633","Standard","Burbank","Osage","918ÿ/ÿ580"
"627","74636","Standard","Deer Creek","Grant","580"
"628","74637","Standard","Fairfax","Osage","918"
"629","74640","Standard","Hunter","Garfield","580"
"630","74641","Standard","Kaw City","Kay","580ÿ/ÿ918"
"631","74643","Standard","Lamont","Grant","580"
"632","74644","Standard","Marland","Noble","580"
"633","74646","Standard","Nardin","Kay","580"
"634","74647","Standard","Newkirk","Kay","580"
"635","74650","Standard","Ralston","Pawnee","918"
"636","74651","Standard","Red Rock","Noble","580"
"637","74652","Standard","Shidler","Osage","918"
"638","74653","Standard","Tonkawa","Kay","580"
"639","74701","Standard","Durant","Bryan","580"
"640","74702","P.O. Box","Durant","Bryan","580"
"641","74720","P.O. Box","Achille","Bryan","580"
"642","74721","P.O. Box","Albany","Bryan","580"
"643","74722","P.O. Box","Battiest","Mccurtain","580"
"644","74723","Standard","Bennington","Bryan","580"
"645","74724","Standard","Bethel","Mccurtain","580"
"646","74726","Standard","Bokchito","Bryan","580"
"647","74727","Standard","Boswell","Choctaw","580"
"648","74728","Standard","Broken Bow","Mccurtain","580"
"649","74729","Standard","Caddo","Bryan","580"
"650","74730","Standard","Calera","Bryan","580"
"651","74731","Standard","Cartwright","Bryan","580"
"652","74733","Standard","Colbert","Bryan","580"
"653","74734","Standard","Eagletown","Mccurtain","580"
"654","74735","Standard","Fort Towson","Choctaw","580"
"655","74736","Standard","Garvin","Mccurtain","580"
"656","74737","P.O. Box","Golden","Mccurtain","580"
"657","74738","Standard","Grant","Choctaw","580"
"658","74740","Standard","Haworth","Mccurtain","580"
"659","74741","Standard","Hendrix","Bryan","580"
"660","74743","Standard","Hugo","Choctaw","580"
"661","74745","Standard","Idabel","Mccurtain","580"
"662","74747","P.O. Box","Kemp","Bryan","580"
"663","74748","Standard","Kenefic","Johnston","580"
"664","74750","P.O. Box","Millerton","Mccurtain","580"
"665","74752","P.O. Box","Pickens","Mccurtain","580"
"666","74753","P.O. Box","Platter","Bryan","580"
"667","74755","Standard","Rufe","Mccurtain","580"
"668","74756","Standard","Sawyer","Choctaw","580"
"669","74759","Standard","Soper","Choctaw","580"
"670","74760","Standard","Spencerville","Choctaw","580"
"671","74761","P.O. Box","Swink","Choctaw","580"
"672","74764","Standard","Valliant","Mccurtain","580"
"673","74766","Standard","Wright City","Mccurtain","580"
"674","74801","Standard","Shawnee","Pottawatomie","405"
"675","74802","P.O. Box","Shawnee","Pottawatomie","405"
"676","74804","Standard","Shawnee","Pottawatomie","405"
"677","74818","P.O. Box","Seminole","Seminole","405"
"678","74820","Standard","Ada","Pontotoc","580"
"679","74821","P.O. Box","Ada","Pontotoc","580"
"680","74824","Standard","Agra","Lincoln","918"
"681","74825","Standard","Allen","Pontotoc","580"
"682","74826","Standard","Asher","Pottawatomie","405"
"683","74827","Standard","Atwood","Hughes","580ÿ/ÿ405"
"684","74829","Standard","Boley","Okfuskee","405ÿ/ÿ918"
"685","74830","P.O. Box","Bowlegs","Seminole","405"
"686","74831","Standard","Byars","Mcclain","405"
"687","74832","Standard","Carney","Lincoln","405"
"688","74833","Standard","Castle","Okfuskee","405ÿ/ÿ918"
"689","74834","Standard","Chandler","Lincoln","405ÿ/ÿ918"
"690","74836","P.O. Box","Connerville","Johnston","580"
"691","74837","P.O. Box","Cromwell","Seminole","405"
"692","74839","Standard","Dustin","Hughes","405"
"693","74840","Standard","Earlsboro","Pottawatomie","405"
"694","74842","P.O. Box","Fittstown","Pontotoc","580"
"695","74843","Standard","Fitzhugh","Pontotoc","580"
"696","74844","P.O. Box","Francis","Pontotoc","580"
"697","74845","Standard","Hanna","Mcintosh","918"
"698","74848","Standard","Holdenville","Hughes","405"
"699","74849","Standard","Konawa","Seminole","580ÿ/ÿ405"
"700","74850","Standard","Lamar","Hughes","918"
"701","74851","Standard","Mcloud","Pottawatomie","405"
"702","74852","Standard","Macomb","Pottawatomie","405"
"703","74854","Standard","Maud","Pottawatomie","405"
"704","74855","Standard","Meeker","Lincoln","405ÿ/ÿ918"
"705","74856","Standard","Mill Creek","Johnston","580"
"706","74857","Standard","Newalla","Cleveland","405"
"707","74859","Standard","Okemah","Okfuskee","405ÿ/ÿ918"
"708","74860","Standard","Paden","Okfuskee","405"
"709","74864","Standard","Prague","Lincoln","405ÿ/ÿ918"
"710","74865","Standard","Roff","Pontotoc","580"
"711","74866","P.O. Box","Saint Louis","Pottawatomie","405"
"712","74867","Standard","Sasakwa","Seminole","405ÿ/ÿ580"
"713","74868","Standard","Seminole","Seminole","405"
"714","74869","Standard","Sparks","Lincoln","405ÿ/ÿ918"
"715","74871","Standard","Stonewall","Pontotoc","580"
"716","74872","Standard","Stratford","Garvin","580"
"717","74873","Standard","Tecumseh","Pottawatomie","405"
"718","74875","Standard","Tryon","Lincoln","918"
"719","74878","Standard","Wanette","Pottawatomie","405"
"720","74880","Standard","Weleetka","Okfuskee","405ÿ/ÿ918"
"721","74881","Standard","Wellston","Lincoln","405"
"722","74883","Standard","Wetumka","Hughes","405"
"723","74884","Standard","Wewoka","Seminole","405"
"724","74901","Standard","Arkoma","Le Flore","918"
"725","74902","Standard","Pocola","Le Flore","918"
"726","74930","Standard","Bokoshe","Le Flore","918"
"727","74931","Standard","Bunch","Adair","918"
"728","74932","Standard","Cameron","Le Flore","918"
"729","74935","P.O. Box","Fanshawe","Le Flore","918"
"730","74936","Standard","Gans","Sequoyah","918"
"731","74937","Standard","Heavener","Le Flore","918"
"732","74939","Standard","Hodgen","Le Flore","918"
"733","74940","Standard","Howe","Le Flore","918"
"734","74941","Standard","Keota","Haskell","918"
"735","74942","P.O. Box","Leflore","Le Flore","918"
"736","74943","P.O. Box","Lequire","Haskell","918"
"737","74944","Standard","Mccurtain","Haskell","918"
"738","74945","P.O. Box","Marble City","Sequoyah","918"
"739","74946","P.O. Box","Moffett","Sequoyah","918"
"740","74947","P.O. Box","Monroe","Le Flore","918"
"741","74949","Standard","Muse","Le Flore","918ÿ/ÿ580"
"742","74951","P.O. Box","Panama","Le Flore","918"
"743","74953","Standard","Poteau","Le Flore","918"
"744","74954","Standard","Roland","Sequoyah","918"
"745","74955","Standard","Sallisaw","Sequoyah","918"
"746","74956","Standard","Shady Point","Le Flore","918"
"747","74957","Standard","Smithville","Mccurtain","580ÿ/ÿ918"
"748","74959","Standard","Spiro","Le Flore","918"
"749","74960","Standard","Stilwell","Adair","918"
"750","74962","Standard","Vian","Sequoyah","918"
"751","74963","Standard","Watson","Mccurtain","580"
"752","74964","Standard","Watts","Adair","918"
"753","74965","Standard","Westville","Adair","918"
"754","74966","Standard","Wister","Le Flore","918"
