ZIP Code,Type,City,County,Area Codes
ZIP Code 73001,P.O. Box,Albert,Caddo,405
ZIP Code 73002,Standard,Alex,Grady,405
ZIP Code 73003,Standard,Edmond,Oklahoma,405
ZIP Code 73004,Standard,Amber,Grady,405
ZIP Code 73005,Standard,Anadarko,Caddo,405
ZIP Code 73006,Standard,Apache,Caddo,580
ZIP Code 73007,Standard,Arcadia,Oklahoma,405
ZIP Code 73008,Standard,Bethany,Oklahoma,405
ZIP Code 73009,Standard,Binger,Caddo,405
ZIP Code 73010,Standard,Blanchard,Mcclain,405
ZIP Code 73011,Standard,Bradley,Grady,405
ZIP Code 73012,Standard,Edmond,Oklahoma,405
ZIP Code 73013,Standard,Edmond,Oklahoma,405
ZIP Code 73014,Standard,Calumet,Canadian,405
ZIP Code 73015,Standard,Carnegie,Caddo,580ÿ/ÿ405
ZIP Code 73016,Standard,Cashion,Kingfisher,405
ZIP Code 73017,Standard,Cement,Caddo,405
ZIP Code 73018,Standard,Chickasha,Grady,405
ZIP Code 73019,Unique,Norman,Cleveland,405
ZIP Code 73020,Standard,Choctaw,Oklahoma,405
ZIP Code 73021,Standard,Colony,Washita,405ÿ/ÿ580
ZIP Code 73022,P.O. Box,Concho,Canadian,405
ZIP Code 73023,P.O. Box,Chickasha,Grady,405
ZIP Code 73024,Standard,Corn,Washita,580
ZIP Code 73025,Standard,Edmond,Oklahoma,405
ZIP Code 73026,Standard,Norman,Cleveland,405
ZIP Code 73027,Standard,Coyle,Logan,405
ZIP Code 73028,Standard,Crescent,Logan,405
ZIP Code 73029,Standard,Cyril,Caddo,580
ZIP Code 73030,Standard,Davis,Murray,580
ZIP Code 73031,P.O. Box,Dibble,Mcclain,405
ZIP Code 73032,P.O. Box,Dougherty,Murray,580
ZIP Code 73033,P.O. Box,Eakly,Caddo,580ÿ/ÿ405
ZIP Code 73034,Standard,Edmond,Oklahoma,405
ZIP Code 73036,Standard,El Reno,Canadian,405
ZIP Code 73038,Standard,Fort Cobb,Caddo,405
ZIP Code 73039,P.O. Box,Davis,Murray,580
ZIP Code 73040,Standard,Geary,Blaine,405
ZIP Code 73041,Standard,Gotebo,Kiowa,580
ZIP Code 73042,Standard,Gracemont,Caddo,405
ZIP Code 73043,Standard,Greenfield,Blaine,405
ZIP Code 73044,Standard,Guthrie,Logan,405
ZIP Code 73045,Standard,Harrah,Oklahoma,405
ZIP Code 73047,Standard,Hinton,Caddo,405
ZIP Code 73048,Standard,Hydro,Caddo,580ÿ/ÿ405
ZIP Code 73049,Standard,Jones,Oklahoma,405
ZIP Code 73050,P.O. Box,Langston,Logan,405
ZIP Code 73051,Standard,Lexington,Cleveland,405
ZIP Code 73052,Standard,Lindsay,Garvin,405
ZIP Code 73053,Standard,Lookeba,Caddo,405
ZIP Code 73054,Standard,Luther,Oklahoma,405
ZIP Code 73055,Standard,Marlow,Stephens,580
ZIP Code 73056,Standard,Marshall,Logan,580
ZIP Code 73057,Standard,Maysville,Garvin,405
ZIP Code 73058,Standard,Meridian,Logan,405
ZIP Code 73059,Standard,Minco,Grady,405
ZIP Code 73061,Standard,Morrison,Noble,580
ZIP Code 73062,Standard,Mountain View,Kiowa,580
ZIP Code 73063,Standard,Mulhall,Logan,405
ZIP Code 73064,Standard,Mustang,Canadian,405
ZIP Code 73065,Standard,Newcastle,Mcclain,405
ZIP Code 73066,P.O. Box,Nicoma Park,Oklahoma,405
ZIP Code 73067,Standard,Ninnekah,Grady,405
ZIP Code 73068,Standard,Noble,Cleveland,405
ZIP Code 73069,Standard,Norman,Cleveland,405
ZIP Code 73070,P.O. Box,Norman,Cleveland,405
ZIP Code 73071,Standard,Norman,Cleveland,405
ZIP Code 73072,Standard,Norman,Cleveland,405
ZIP Code 73073,Standard,Orlando,Logan,580
ZIP Code 73074,Standard,Paoli,Garvin,405
ZIP Code 73075,Standard,Pauls Valley,Garvin,405
ZIP Code 73077,Standard,Perry,Noble,580
ZIP Code 73078,Standard,Piedmont,Canadian,405
ZIP Code 73079,Standard,Pocasset,Grady,405
ZIP Code 73082,Standard,Rush Springs,Grady,580
ZIP Code 73083,P.O. Box,Edmond,Oklahoma,405
ZIP Code 73084,Standard,Spencer,Oklahoma,405
ZIP Code 73085,P.O. Box,Yukon,Canadian,405
ZIP Code 73086,Standard,Sulphur,Murray,580
ZIP Code 73089,Standard,Tuttle,Grady,405
ZIP Code 73090,Standard,Union City,Canadian,405
ZIP Code 73092,Standard,Verden,Grady,405
ZIP Code 73093,Standard,Washington,Mcclain,405
ZIP Code 73095,Standard,Wayne,Mcclain,405
ZIP Code 73096,Standard,Weatherford,Custer,580
ZIP Code 73097,P.O. Box,Wheatland,Oklahoma,405
ZIP Code 73098,Standard,Wynnewood,Garvin,405ÿ/ÿ580
ZIP Code 73099,Standard,Yukon,Canadian,405
ZIP Code 73101,P.O. Box,Oklahoma City,Oklahoma,405
ZIP Code 73102,Standard,Oklahoma City,Oklahoma,405
ZIP Code 73103,Standard,Oklahoma City,Oklahoma,405
ZIP Code 73104,Standard,Oklahoma City,Oklahoma,405
ZIP Code 73105,Standard,Oklahoma City,Oklahoma,405
ZIP Code 73106,Standard,Oklahoma City,Oklahoma,405
ZIP Code 73107,Standard,Oklahoma City,Oklahoma,405
ZIP Code 73108,Standard,Oklahoma City,Oklahoma,405
ZIP Code 73109,Standard,Oklahoma City,Oklahoma,405
ZIP Code 73110,Standard,Oklahoma City,Oklahoma,405
ZIP Code 73111,Standard,Oklahoma City,Oklahoma,405
ZIP Code 73112,Standard,Oklahoma City,Oklahoma,405
ZIP Code 73113,P.O. Box,Oklahoma City,Oklahoma,405
ZIP Code 73114,Standard,Oklahoma City,Oklahoma,405
ZIP Code 73115,Standard,Oklahoma City,Oklahoma,405
ZIP Code 73116,Standard,Oklahoma City,Oklahoma,405
ZIP Code 73117,Standard,Oklahoma City,Oklahoma,405
ZIP Code 73118,Standard,Oklahoma City,Oklahoma,405
ZIP Code 73119,Standard,Oklahoma City,Oklahoma,405
ZIP Code 73120,Standard,Oklahoma City,Oklahoma,405
ZIP Code 73121,Standard,Oklahoma City,Oklahoma,405
ZIP Code 73122,Standard,Oklahoma City,Oklahoma,405
ZIP Code 73123,P.O. Box,Oklahoma City,Oklahoma,405
ZIP Code 73124,P.O. Box,Oklahoma City,Oklahoma,405
ZIP Code 73125,P.O. Box,Oklahoma City,Oklahoma,405
ZIP Code 73126,P.O. Box,Oklahoma City,Oklahoma,405
ZIP Code 73127,Standard,Oklahoma City,Oklahoma,405
ZIP Code 73128,Standard,Oklahoma City,Oklahoma,405
ZIP Code 73129,Standard,Oklahoma City,Oklahoma,405
ZIP Code 73130,Standard,Oklahoma City,Oklahoma,405
ZIP Code 73131,Standard,Oklahoma City,Oklahoma,405
ZIP Code 73132,Standard,Oklahoma City,Oklahoma,405
ZIP Code 73134,Standard,Oklahoma City,Oklahoma,405
ZIP Code 73135,Standard,Oklahoma City,Oklahoma,405
ZIP Code 73136,P.O. Box,Oklahoma City,Oklahoma,405
ZIP Code 73137,P.O. Box,Oklahoma City,Oklahoma,405
ZIP Code 73139,Standard,Oklahoma City,Oklahoma,405
ZIP Code 73140,P.O. Box,Oklahoma City,Oklahoma,405
ZIP Code 73141,Standard,Oklahoma City,Oklahoma,405
ZIP Code 73142,Standard,Oklahoma City,Oklahoma,405
ZIP Code 73143,P.O. Box,Oklahoma City,Oklahoma,405
ZIP Code 73144,P.O. Box,Oklahoma City,Oklahoma,405
ZIP Code 73145,Standard,Oklahoma City,Oklahoma,405
ZIP Code 73145,Standard,Tinker AFB,Oklahoma,405
ZIP Code 73146,P.O. Box,Oklahoma City,Oklahoma,405
ZIP Code 73147,P.O. Box,Oklahoma City,Oklahoma,405
ZIP Code 73148,P.O. Box,Oklahoma City,Oklahoma,405
ZIP Code 73149,Standard,Oklahoma City,Oklahoma,405
ZIP Code 73150,Standard,Oklahoma City,Oklahoma,405
ZIP Code 73151,Standard,Oklahoma City,Oklahoma,405
ZIP Code 73152,P.O. Box,Oklahoma City,Oklahoma,405
ZIP Code 73153,P.O. Box,Oklahoma City,Cleveland,405
ZIP Code 73154,P.O. Box,Oklahoma City,Oklahoma,405
ZIP Code 73155,P.O. Box,Oklahoma City,Oklahoma,405
ZIP Code 73156,P.O. Box,Oklahoma City,Oklahoma,405
ZIP Code 73157,P.O. Box,Oklahoma City,Oklahoma,405
ZIP Code 73159,Standard,Oklahoma City,Oklahoma,405
ZIP Code 73160,Standard,Oklahoma City,Cleveland,405
ZIP Code 73162,Standard,Oklahoma City,Oklahoma,405
ZIP Code 73163,Standard,Oklahoma City,Oklahoma,405
ZIP Code 73165,Standard,Oklahoma City,Cleveland,405
ZIP Code 73167,Standard,Oklahoma City,Oklahoma,405
ZIP Code 73169,Standard,Oklahoma City,Oklahoma,405
ZIP Code 73170,Standard,Oklahoma City,Cleveland,405
ZIP Code 73172,P.O. Box,Oklahoma City,Oklahoma,405
ZIP Code 73173,Standard,Oklahoma City,Oklahoma,405
ZIP Code 73178,P.O. Box,Oklahoma City,Oklahoma,405
ZIP Code 73179,Standard,Oklahoma City,Oklahoma,405
ZIP Code 73184,Unique,Oklahoma City,Oklahoma,405
ZIP Code 73189,P.O. Box,Oklahoma City,Cleveland,405
ZIP Code 73190,Unique,Oklahoma City,Oklahoma,405
ZIP Code 73194,Unique,Oklahoma City,Oklahoma,405
ZIP Code 73195,Standard,Oklahoma City,Oklahoma,405
ZIP Code 73196,Unique,Oklahoma City,Oklahoma,405
ZIP Code 73401,Standard,Ardmore,Carter,580
ZIP Code 73402,P.O. Box,Ardmore,Carter,580
ZIP Code 73403,P.O. Box,Ardmore,Carter,580
ZIP Code 73425,P.O. Box,Countyline,Stephens,580
ZIP Code 73430,Standard,Burneyville,Love,580
ZIP Code 73432,Standard,Coleman,Johnston,580
ZIP Code 73433,Standard,Elmore City,Garvin,580
ZIP Code 73434,Standard,Foster,Stephens,580
ZIP Code 73435,P.O. Box,Fox,Carter,580
ZIP Code 73436,P.O. Box,Gene Autry,Carter,580
ZIP Code 73437,Standard,Graham,Carter,580
ZIP Code 73438,Standard,Healdton,Carter,580
ZIP Code 73439,Standard,Kingston,Marshall,580
ZIP Code 73440,Standard,Lebanon,Marshall,580
ZIP Code 73441,Standard,Leon,Love,580
ZIP Code 73442,Standard,Loco,Stephens,580
ZIP Code 73443,Standard,Lone Grove,Carter,580
ZIP Code 73444,Standard,Hennepin,Carter,580
ZIP Code 73446,Standard,Madill,Marshall,580
ZIP Code 73447,Standard,Mannsville,Johnston,580
ZIP Code 73448,Standard,Marietta,Love,580
ZIP Code 73449,Standard,Mead,Bryan,580
ZIP Code 73450,Standard,Milburn,Johnston,580
ZIP Code 73453,Standard,Overbrook,Love,580
ZIP Code 73455,P.O. Box,Ravia,Johnston,580
ZIP Code 73456,Standard,Ringling,Jefferson,580
ZIP Code 73458,Standard,Springer,Carter,580
ZIP Code 73459,Standard,Thackerville,Love,580
ZIP Code 73460,Standard,Tishomingo,Johnston,580
ZIP Code 73461,Standard,Wapanucka,Johnston,580
ZIP Code 73463,Standard,Wilson,Carter,580
ZIP Code 73481,Standard,Ratliff City,Carter,580
ZIP Code 73487,P.O. Box,Tatums,Carter,580
ZIP Code 73488,Standard,Tussy,Carter,580
ZIP Code 73491,P.O. Box,Velma,Stephens,580
ZIP Code 73501,Standard,Lawton,Comanche,580
ZIP Code 73502,P.O. Box,Lawton,Comanche,580
ZIP Code 73503,Standard,Fort Sill,Comanche,580
ZIP Code 73505,Standard,Lawton,Comanche,580
ZIP Code 73506,P.O. Box,Lawton,Comanche,580
ZIP Code 73507,Standard,Lawton,Comanche,580
ZIP Code 73520,P.O. Box,Addington,Jefferson,580
ZIP Code 73521,Standard,Altus,Jackson,580
ZIP Code 73522,P.O. Box,Altus,Jackson,580
ZIP Code 73523,Standard,Altus AFB,Jackson,580
ZIP Code 73526,Standard,Blair,Jackson,580
ZIP Code 73527,Standard,Cache,Comanche,580
ZIP Code 73528,Standard,Chattanooga,Comanche,580
ZIP Code 73529,Standard,Comanche,Stephens,580
ZIP Code 73530,Standard,Davidson,Tillman,580
ZIP Code 73531,Standard,Devol,Cotton,580
ZIP Code 73532,Standard,Duke,Jackson,580
ZIP Code 73533,Standard,Duncan,Stephens,580
ZIP Code 73534,P.O. Box,Duncan,Stephens,580
ZIP Code 73536,Unique,Duncan,Stephens,580
ZIP Code 73537,Standard,Eldorado,Jackson,580
ZIP Code 73538,Standard,Elgin,Comanche,580
ZIP Code 73539,Standard,Elmer,Jackson,580
ZIP Code 73540,Standard,Faxon,Comanche,580
ZIP Code 73541,Standard,Fletcher,Comanche,580
ZIP Code 73543,Standard,Geronimo,Comanche,580
ZIP Code 73544,Standard,Gould,Harmon,580
ZIP Code 73546,Standard,Grandfield,Tillman,580
ZIP Code 73547,Standard,Granite,Greer,580
ZIP Code 73548,Standard,Hastings,Jefferson,580
ZIP Code 73549,Standard,Headrick,Jackson,580
ZIP Code 73550,Standard,Hollis,Harmon,580
ZIP Code 73551,Standard,Hollister,Tillman,580
ZIP Code 73552,Standard,Indiahoma,Comanche,580
ZIP Code 73553,Standard,Loveland,Tillman,580
ZIP Code 73554,Standard,Mangum,Greer,580
ZIP Code 73555,P.O. Box,Manitou,Tillman,580
ZIP Code 73556,P.O. Box,Martha,Jackson,580
ZIP Code 73557,P.O. Box,Medicine Park,Comanche,580
ZIP Code 73558,P.O. Box,Meers,Comanche,580
ZIP Code 73559,Standard,Mountain Park,Kiowa,580
ZIP Code 73560,Standard,Olustee,Jackson,580
ZIP Code 73561,Standard,Oscar,Jefferson,580
ZIP Code 73562,Standard,Randlett,Cotton,580
ZIP Code 73564,Standard,Roosevelt,Kiowa,580
ZIP Code 73565,Standard,Ryan,Jefferson,580
ZIP Code 73566,Standard,Snyder,Kiowa,580
ZIP Code 73567,P.O. Box,Sterling,Comanche,580
ZIP Code 73568,Standard,Temple,Cotton,580
ZIP Code 73569,Standard,Terral,Jefferson,580
ZIP Code 73570,Standard,Tipton,Tillman,580
ZIP Code 73571,Standard,Vinson,Harmon,580
ZIP Code 73572,Standard,Walters,Cotton,580
ZIP Code 73573,Standard,Waurika,Jefferson,580
ZIP Code 73601,Standard,Clinton,Custer,580
ZIP Code 73620,Standard,Arapaho,Custer,580
ZIP Code 73622,Standard,Bessie,Washita,580
ZIP Code 73624,P.O. Box,Burns Flat,Washita,580
ZIP Code 73625,Standard,Butler,Custer,580
ZIP Code 73626,Standard,Canute,Washita,580
ZIP Code 73627,Standard,Carter,Beckham,580
ZIP Code 73628,Standard,Cheyenne,Roger Mills,580
ZIP Code 73632,Standard,Cordell,Washita,580
ZIP Code 73638,Standard,Crawford,Roger Mills,580
ZIP Code 73639,Standard,Custer City,Custer,580
ZIP Code 73641,Standard,Dill City,Washita,580
ZIP Code 73642,Standard,Durham,Roger Mills,580
ZIP Code 73644,Standard,Elk City,Beckham,580
ZIP Code 73645,Standard,Erick,Beckham,580
ZIP Code 73646,Standard,Fay,Dewey,580
ZIP Code 73647,Standard,Foss,Washita,580
ZIP Code 73648,P.O. Box,Elk City,Beckham,580
ZIP Code 73650,Standard,Hammon,Roger Mills,580
ZIP Code 73651,Standard,Hobart,Kiowa,580
ZIP Code 73654,Standard,Leedey,Dewey,580
ZIP Code 73655,Standard,Lone Wolf,Kiowa,580
ZIP Code 73658,Standard,Oakwood,Dewey,580
ZIP Code 73659,Standard,Putnam,Dewey,580
ZIP Code 73660,Standard,Reydon,Roger Mills,580
ZIP Code 73661,Standard,Rocky,Washita,580
ZIP Code 73662,Standard,Sayre,Beckham,580
ZIP Code 73663,Standard,Seiling,Dewey,580
ZIP Code 73664,Standard,Sentinel,Washita,580
ZIP Code 73666,Standard,Sweetwater,Roger Mills,580
ZIP Code 73667,Standard,Taloga,Dewey,580
ZIP Code 73668,Standard,Texola,Beckham,580
ZIP Code 73669,Standard,Thomas,Custer,580
ZIP Code 73673,Standard,Willow,Greer,580
ZIP Code 73701,Standard,Enid,Garfield,580
ZIP Code 73702,P.O. Box,Enid,Garfield,580
ZIP Code 73703,Standard,Enid,Garfield,580
ZIP Code 73705,Standard,Enid,Garfield,580
ZIP Code 73706,P.O. Box,Enid,Garfield,580
ZIP Code 73716,Standard,Aline,Alfalfa,580
ZIP Code 73717,Standard,Alva,Woods,580
ZIP Code 73718,Standard,Ames,Major,580
ZIP Code 73719,Standard,Amorita,Alfalfa,580
ZIP Code 73720,Standard,Bison,Garfield,580
ZIP Code 73722,Standard,Burlington,Alfalfa,580
ZIP Code 73726,Standard,Carmen,Alfalfa,580
ZIP Code 73727,Standard,Carrier,Garfield,580
ZIP Code 73728,Standard,Cherokee,Alfalfa,580
ZIP Code 73729,Standard,Cleo Springs,Major,580
ZIP Code 73730,Standard,Covington,Garfield,580
ZIP Code 73731,Standard,Dacoma,Woods,580
ZIP Code 73733,Standard,Douglas,Garfield,580
ZIP Code 73734,Standard,Dover,Kingfisher,405
ZIP Code 73735,Standard,Drummond,Garfield,580
ZIP Code 73736,Standard,Fairmont,Garfield,580
ZIP Code 73737,Standard,Fairview,Major,580
ZIP Code 73738,Standard,Garber,Garfield,580
ZIP Code 73739,Standard,Goltry,Alfalfa,580
ZIP Code 73741,Standard,Helena,Alfalfa,580
ZIP Code 73742,Standard,Hennessey,Kingfisher,405
ZIP Code 73743,P.O. Box,Hillsdale,Garfield,580
ZIP Code 73744,Standard,Hitchcock,Blaine,580
ZIP Code 73746,P.O. Box,Hopeton,Woods,580
ZIP Code 73747,Standard,Isabella,Major,580
ZIP Code 73749,Standard,Jet,Alfalfa,580
ZIP Code 73750,Standard,Kingfisher,Kingfisher,405
ZIP Code 73753,Standard,Kremlin,Garfield,580
ZIP Code 73754,Standard,Lahoma,Garfield,580
ZIP Code 73755,Standard,Longdale,Blaine,580
ZIP Code 73756,Standard,Loyal,Kingfisher,405
ZIP Code 73757,Standard,Lucien,Noble,580
ZIP Code 73758,Standard,Manchester,Grant,580
ZIP Code 73759,Standard,Medford,Grant,580
ZIP Code 73760,Standard,Meno,Major,580
ZIP Code 73761,Standard,Nash,Grant,580
ZIP Code 73762,Standard,Okarche,Kingfisher,405
ZIP Code 73763,Standard,Okeene,Blaine,580
ZIP Code 73764,Standard,Omega,Kingfisher,405
ZIP Code 73766,Standard,Pond Creek,Grant,580
ZIP Code 73768,Standard,Ringwood,Major,580
ZIP Code 73770,Standard,Southard,Blaine,580
ZIP Code 73771,Standard,Wakita,Grant,580
ZIP Code 73772,Standard,Watonga,Blaine,580
ZIP Code 73773,Standard,Waukomis,Garfield,580
ZIP Code 73801,Standard,Woodward,Woodward,580
ZIP Code 73802,P.O. Box,Woodward,Woodward,580
ZIP Code 73832,Standard,Arnett,Ellis,580
ZIP Code 73834,Standard,Buffalo,Harper,580
ZIP Code 73835,Standard,Camargo,Dewey,580
ZIP Code 73838,Standard,Chester,Major,580
ZIP Code 73840,Standard,Fargo,Ellis,580
ZIP Code 73841,Standard,Fort Supply,Woodward,580
ZIP Code 73842,Standard,Freedom,Woods,580
ZIP Code 73843,Standard,Gage,Ellis,580
ZIP Code 73844,Standard,Gate,Beaver,580
ZIP Code 73848,Standard,Laverne,Harper,580
ZIP Code 73851,Standard,May,Harper,580
ZIP Code 73852,Standard,Mooreland,Woodward,580
ZIP Code 73853,Standard,Mutual,Woodward,580
ZIP Code 73855,Standard,Rosston,Harper,580
ZIP Code 73857,Standard,Sharon,Woodward,580
ZIP Code 73858,Standard,Shattuck,Ellis,580
ZIP Code 73859,Standard,Vici,Dewey,580
ZIP Code 73860,Standard,Waynoka,Woods,580
ZIP Code 73901,P.O. Box,Adams,Texas,580
ZIP Code 73931,Standard,Balko,Beaver,580
ZIP Code 73932,Standard,Beaver,Beaver,580
ZIP Code 73933,Standard,Boise City,Cimarron,580
ZIP Code 73937,Standard,Felt,Cimarron,580
ZIP Code 73938,Standard,Forgan,Beaver,580
ZIP Code 73939,Standard,Goodwell,Texas,580
ZIP Code 73942,Standard,Guymon,Texas,580
ZIP Code 73944,Standard,Hardesty,Texas,580
ZIP Code 73945,Standard,Hooker,Texas,580
ZIP Code 73946,Standard,Kenton,Cimarron,580
ZIP Code 73947,Standard,Keyes,Cimarron,580
ZIP Code 73949,Standard,Texhoma,Texas,580
ZIP Code 73950,Standard,Turpin,Beaver,580
ZIP Code 73951,Standard,Tyrone,Texas,580
ZIP Code 74002,Standard,Barnsdall,Osage,918
ZIP Code 74003,Standard,Bartlesville,Washington,918
ZIP Code 74004,Unique,Bartlesville,Washington,918
ZIP Code 74005,P.O. Box,Bartlesville,Washington,918
ZIP Code 74006,Standard,Bartlesville,Washington,918
ZIP Code 74008,Standard,Bixby,Tulsa,918
ZIP Code 74010,Standard,Bristow,Creek,918
ZIP Code 74011,Standard,Broken Arrow,Tulsa,918
ZIP Code 74012,Standard,Broken Arrow,Tulsa,918
ZIP Code 74013,P.O. Box,Broken Arrow,Tulsa,918
ZIP Code 74014,Standard,Broken Arrow,Wagoner,918
ZIP Code 74015,Standard,Catoosa,Rogers,918
ZIP Code 74016,Standard,Chelsea,Rogers,918
ZIP Code 74017,Standard,Claremore,Rogers,918
ZIP Code 74018,P.O. Box,Claremore,Rogers,918
ZIP Code 74019,Standard,Claremore,Rogers,918
ZIP Code 74020,Standard,Cleveland,Pawnee,918
ZIP Code 74021,Standard,Collinsville,Tulsa,918
ZIP Code 74022,Standard,Copan,Washington,918
ZIP Code 74023,Standard,Cushing,Payne,918
ZIP Code 74026,P.O. Box,Davenport,Lincoln,405ÿ/ÿ918
ZIP Code 74027,Standard,Delaware,Nowata,918
ZIP Code 74028,Standard,Depew,Creek,918
ZIP Code 74029,Standard,Dewey,Washington,918
ZIP Code 74030,Standard,Drumright,Creek,918
ZIP Code 74031,P.O. Box,Foyil,Rogers,918
ZIP Code 74032,Standard,Glencoe,Payne,580
ZIP Code 74033,Standard,Glenpool,Tulsa,918
ZIP Code 74034,P.O. Box,Hallett,Pawnee,918
ZIP Code 74035,Standard,Hominy,Osage,918
ZIP Code 74036,Standard,Inola,Rogers,918
ZIP Code 74037,Standard,Jenks,Tulsa,918
ZIP Code 74038,Standard,Jennings,Pawnee,918
ZIP Code 74039,Standard,Kellyville,Creek,918
ZIP Code 74041,Standard,Kiefer,Creek,918
ZIP Code 74042,Standard,Lenapah,Nowata,918
ZIP Code 74043,P.O. Box,Leonard,Tulsa,918
ZIP Code 74044,Standard,Mannford,Creek,918
ZIP Code 74045,Standard,Maramec,Pawnee,918
ZIP Code 74046,P.O. Box,Milfay,Creek,918
ZIP Code 74047,Standard,Mounds,Creek,918
ZIP Code 74048,Standard,Nowata,Nowata,918
ZIP Code 74050,P.O. Box,Oakhurst,Tulsa,918
ZIP Code 74051,Standard,Ochelata,Washington,918
ZIP Code 74052,P.O. Box,Oilton,Creek,918
ZIP Code 74053,Standard,Oologah,Rogers,918
ZIP Code 74054,Standard,Osage,Osage,918
ZIP Code 74055,Standard,Owasso,Tulsa,918
ZIP Code 74056,Standard,Pawhuska,Osage,918
ZIP Code 74058,Standard,Pawnee,Pawnee,918
ZIP Code 74059,Standard,Perkins,Payne,405ÿ/ÿ918
ZIP Code 74060,Standard,Prue,Osage,918
ZIP Code 74061,Standard,Ramona,Washington,918
ZIP Code 74062,Standard,Ripley,Payne,405ÿ/ÿ918
ZIP Code 74063,Standard,Sand Springs,Tulsa,918
ZIP Code 74066,Standard,Sapulpa,Creek,918
ZIP Code 74067,P.O. Box,Sapulpa,Creek,918
ZIP Code 74068,P.O. Box,Shamrock,Creek,918
ZIP Code 74070,Standard,Skiatook,Tulsa,918
ZIP Code 74071,P.O. Box,Slick,Creek,918
ZIP Code 74072,Standard,S Coffeyville,Nowata,918
ZIP Code 74073,Standard,Sperry,Tulsa,918
ZIP Code 74074,Standard,Stillwater,Payne,405
ZIP Code 74075,Standard,Stillwater,Payne,405
ZIP Code 74076,P.O. Box,Stillwater,Payne,405
ZIP Code 74077,Unique,Stillwater,Payne,405
ZIP Code 74078,Unique,Stillwater,Payne,405
ZIP Code 74079,Standard,Stroud,Lincoln,918
ZIP Code 74080,Standard,Talala,Rogers,918
ZIP Code 74081,Standard,Terlton,Pawnee,918
ZIP Code 74082,P.O. Box,Vera,Washington,918
ZIP Code 74083,Standard,Wann,Nowata,918
ZIP Code 74084,Standard,Wynona,Osage,918
ZIP Code 74085,Standard,Yale,Payne,918
ZIP Code 74102,P.O. Box,Tulsa,Tulsa,918ÿ/ÿ539
ZIP Code 74103,Standard,Tulsa,Tulsa,918ÿ/ÿ539
ZIP Code 74104,Standard,Tulsa,Tulsa,918
ZIP Code 74105,Standard,Tulsa,Tulsa,918
ZIP Code 74106,Standard,Tulsa,Tulsa,918
ZIP Code 74107,Standard,Tulsa,Tulsa,918
ZIP Code 74108,Standard,Tulsa,Tulsa,918
ZIP Code 74110,Standard,Tulsa,Tulsa,918
ZIP Code 74112,Standard,Tulsa,Tulsa,918
ZIP Code 74114,Standard,Tulsa,Tulsa,918
ZIP Code 74115,Standard,Tulsa,Tulsa,918
ZIP Code 74116,Standard,Tulsa,Tulsa,918
ZIP Code 74117,Standard,Tulsa,Tulsa,918
ZIP Code 74119,Standard,Tulsa,Tulsa,918ÿ/ÿ539
ZIP Code 74120,Standard,Tulsa,Tulsa,918ÿ/ÿ539
ZIP Code 74121,P.O. Box,Tulsa,Tulsa,918ÿ/ÿ539
ZIP Code 74126,Standard,Tulsa,Tulsa,918
ZIP Code 74127,Standard,Tulsa,Tulsa,918
ZIP Code 74128,Standard,Tulsa,Tulsa,918
ZIP Code 74129,Standard,Tulsa,Tulsa,918
ZIP Code 74130,Standard,Tulsa,Tulsa,918
ZIP Code 74131,Standard,Tulsa,Creek,918
ZIP Code 74132,Standard,Tulsa,Tulsa,918
ZIP Code 74133,Standard,Tulsa,Tulsa,918
ZIP Code 74134,Standard,Tulsa,Tulsa,918
ZIP Code 74135,Standard,Tulsa,Tulsa,918
ZIP Code 74136,Standard,Tulsa,Tulsa,918
ZIP Code 74137,Standard,Tulsa,Tulsa,918
ZIP Code 74141,Unique,Tulsa,Tulsa,918ÿ/ÿ539
ZIP Code 74145,Standard,Tulsa,Tulsa,918
ZIP Code 74146,Standard,Tulsa,Tulsa,918
ZIP Code 74147,P.O. Box,Tulsa,Tulsa,918ÿ/ÿ539
ZIP Code 74148,P.O. Box,Tulsa,Tulsa,918ÿ/ÿ539
ZIP Code 74149,P.O. Box,Tulsa,Tulsa,918ÿ/ÿ539
ZIP Code 74150,P.O. Box,Tulsa,Tulsa,918ÿ/ÿ539
ZIP Code 74152,P.O. Box,Tulsa,Tulsa,918ÿ/ÿ539
ZIP Code 74153,P.O. Box,Tulsa,Tulsa,918ÿ/ÿ539
ZIP Code 74155,P.O. Box,Tulsa,Tulsa,918ÿ/ÿ539
ZIP Code 74156,P.O. Box,Tulsa,Tulsa,918ÿ/ÿ539
ZIP Code 74157,P.O. Box,Tulsa,Tulsa,918ÿ/ÿ539
ZIP Code 74158,P.O. Box,Tulsa,Tulsa,918ÿ/ÿ539
ZIP Code 74159,P.O. Box,Tulsa,Tulsa,918ÿ/ÿ539
ZIP Code 74169,P.O. Box,Tulsa,Tulsa,918ÿ/ÿ539
ZIP Code 74170,P.O. Box,Tulsa,Tulsa,918ÿ/ÿ539
ZIP Code 74171,Unique,Tulsa,Tulsa,918
ZIP Code 74172,Standard,Tulsa,Tulsa,918ÿ/ÿ539
ZIP Code 74182,Unique,Tulsa,Tulsa,918ÿ/ÿ539
ZIP Code 74186,Unique,Tulsa,Tulsa,918ÿ/ÿ539
ZIP Code 74187,Unique,Tulsa,Tulsa,918ÿ/ÿ539
ZIP Code 74192,Unique,Tulsa,Tulsa,918ÿ/ÿ539
ZIP Code 74193,Unique,Tulsa,Tulsa,918ÿ/ÿ539
ZIP Code 74301,Standard,Vinita,Craig,918
ZIP Code 74330,Standard,Adair,Mayes,918
ZIP Code 74331,Standard,Afton,Ottawa,918
ZIP Code 74332,Standard,Big Cabin,Craig,918
ZIP Code 74333,Standard,Bluejacket,Craig,918
ZIP Code 74335,P.O. Box,Cardin,Ottawa,918
ZIP Code 74337,Standard,Chouteau,Mayes,918
ZIP Code 74338,Standard,Colcord,Delaware,918
ZIP Code 74339,Standard,Commerce,Ottawa,918
ZIP Code 74340,P.O. Box,Disney,Mayes,918
ZIP Code 74342,Standard,Eucha,Delaware,918
ZIP Code 74343,Standard,Fairland,Ottawa,918
ZIP Code 74344,Standard,Grove,Delaware,918
ZIP Code 74345,P.O. Box,Grove,Delaware,918
ZIP Code 74346,Standard,Jay,Delaware,918
ZIP Code 74347,Standard,Kansas,Delaware,918
ZIP Code 74349,P.O. Box,Ketchum,Mayes,918
ZIP Code 74350,P.O. Box,Langley,Mayes,918
ZIP Code 74352,Standard,Locust Grove,Mayes,918
ZIP Code 74354,Standard,Miami,Ottawa,918
ZIP Code 74355,P.O. Box,Miami,Ottawa,918
ZIP Code 74358,P.O. Box,North Miami,Ottawa,918
ZIP Code 74359,Standard,Oaks,Delaware,918
ZIP Code 74361,Standard,Pryor,Mayes,918
ZIP Code 74362,P.O. Box,Pryor,Mayes,918
ZIP Code 74363,Standard,Quapaw,Ottawa,918
ZIP Code 74364,Standard,Rose,Mayes,918
ZIP Code 74365,Standard,Salina,Mayes,918
ZIP Code 74366,Standard,Spavinaw,Mayes,918
ZIP Code 74367,Standard,Strang,Mayes,918
ZIP Code 74368,Standard,Twin Oaks,Delaware,918
ZIP Code 74369,Standard,Welch,Craig,918
ZIP Code 74370,Standard,Wyandotte,Ottawa,918
ZIP Code 74401,Standard,Muskogee,Muskogee,918
ZIP Code 74402,P.O. Box,Muskogee,Muskogee,918
ZIP Code 74403,Standard,Muskogee,Muskogee,918
ZIP Code 74421,Standard,Beggs,Okmulgee,918
ZIP Code 74422,Standard,Boynton,Muskogee,918
ZIP Code 74423,Standard,Braggs,Muskogee,918
ZIP Code 74425,Standard,Canadian,Pittsburg,918
ZIP Code 74426,Standard,Checotah,Mcintosh,918
ZIP Code 74427,Standard,Cookson,Cherokee,918
ZIP Code 74428,Standard,Council Hill,Muskogee,918
ZIP Code 74429,Standard,Coweta,Wagoner,918
ZIP Code 74430,P.O. Box,Crowder,Pittsburg,918
ZIP Code 74431,P.O. Box,Dewar,Okmulgee,918
ZIP Code 74432,Standard,Eufaula,Mcintosh,918
ZIP Code 74434,Standard,Fort Gibson,Muskogee,918
ZIP Code 74435,Standard,Gore,Sequoyah,918
ZIP Code 74436,Standard,Haskell,Muskogee,918
ZIP Code 74437,Standard,Henryetta,Okmulgee,918
ZIP Code 74438,P.O. Box,Hitchita,Mcintosh,918
ZIP Code 74439,P.O. Box,Braggs,Muskogee,918
ZIP Code 74440,P.O. Box,Hoyt,Haskell,918
ZIP Code 74441,Standard,Hulbert,Cherokee,918
ZIP Code 74442,Standard,Indianola,Pittsburg,918
ZIP Code 74444,P.O. Box,Moodys,Cherokee,918
ZIP Code 74445,Standard,Morris,Okmulgee,918
ZIP Code 74446,P.O. Box,Okay,Wagoner,918
ZIP Code 74447,Standard,Okmulgee,Okmulgee,918
ZIP Code 74450,Standard,Oktaha,Muskogee,918
ZIP Code 74451,Standard,Park Hill,Cherokee,918
ZIP Code 74452,Standard,Peggs,Cherokee,918
ZIP Code 74454,Standard,Porter,Wagoner,918
ZIP Code 74455,Standard,Porum,Muskogee,918
ZIP Code 74456,P.O. Box,Preston,Okmulgee,918
ZIP Code 74457,Standard,Proctor,Adair,918
ZIP Code 74458,P.O. Box,Redbird,Wagoner,918
ZIP Code 74459,P.O. Box,Rentiesville,Mcintosh,918
ZIP Code 74460,P.O. Box,Schulter,Okmulgee,918
ZIP Code 74461,Standard,Stidham,Mcintosh,918
ZIP Code 74462,Standard,Stigler,Haskell,918
ZIP Code 74463,P.O. Box,Taft,Muskogee,918
ZIP Code 74464,Standard,Tahlequah,Cherokee,918
ZIP Code 74465,P.O. Box,Tahlequah,Cherokee,918
ZIP Code 74467,Standard,Wagoner,Wagoner,918
ZIP Code 74468,P.O. Box,Wainwright,Muskogee,918
ZIP Code 74469,Standard,Warner,Muskogee,918
ZIP Code 74470,Standard,Webbers Falls,Muskogee,918
ZIP Code 74471,Standard,Welling,Cherokee,918
ZIP Code 74472,Standard,Whitefield,Haskell,918
ZIP Code 74477,P.O. Box,Wagoner,Wagoner,918
ZIP Code 74501,Standard,Mcalester,Pittsburg,918
ZIP Code 74502,P.O. Box,Mcalester,Pittsburg,918
ZIP Code 74521,P.O. Box,Albion,Pushmataha,918
ZIP Code 74522,P.O. Box,Alderson,Pittsburg,918
ZIP Code 74523,Standard,Antlers,Pushmataha,580
ZIP Code 74525,Standard,Atoka,Atoka,580
ZIP Code 74528,Standard,Blanco,Pittsburg,918
ZIP Code 74529,Standard,Blocker,Pittsburg,918
ZIP Code 74530,P.O. Box,Bromide,Johnston,580
ZIP Code 74531,Standard,Calvin,Hughes,405ÿ/ÿ580
ZIP Code 74533,Standard,Caney,Atoka,580
ZIP Code 74534,Standard,Centrahoma,Coal,580
ZIP Code 74535,P.O. Box,Clarita,Coal,580
ZIP Code 74536,Standard,Clayton,Pushmataha,918
ZIP Code 74538,Standard,Coalgate,Coal,580
ZIP Code 74543,Standard,Finley,Pushmataha,580
ZIP Code 74545,P.O. Box,Gowen,Latimer,918
ZIP Code 74546,P.O. Box,Haileyville,Pittsburg,918
ZIP Code 74547,Standard,Hartshorne,Pittsburg,918
ZIP Code 74549,Standard,Honobia,Le Flore,580ÿ/ÿ918
ZIP Code 74552,Standard,Kinta,Haskell,918
ZIP Code 74553,Standard,Kiowa,Pittsburg,918
ZIP Code 74554,P.O. Box,Krebs,Pittsburg,918
ZIP Code 74555,Standard,Lane,Atoka,580
ZIP Code 74556,P.O. Box,Lehigh,Coal,580
ZIP Code 74557,Standard,Moyers,Pushmataha,580
ZIP Code 74558,Standard,Nashoba,Pushmataha,918
ZIP Code 74559,P.O. Box,Panola,Latimer,918
ZIP Code 74560,Standard,Pittsburg,Pittsburg,918
ZIP Code 74561,Standard,Quinton,Pittsburg,918
ZIP Code 74562,Standard,Rattan,Pushmataha,580
ZIP Code 74563,Standard,Red Oak,Latimer,918
ZIP Code 74565,P.O. Box,Savanna,Pittsburg,918
ZIP Code 74567,Standard,Snow,Pushmataha,918
ZIP Code 74569,Standard,Stringtown,Atoka,580
ZIP Code 74570,Standard,Stuart,Hughes,918ÿ/ÿ405ÿ/ÿ580
ZIP Code 74571,Standard,Talihina,Latimer,918
ZIP Code 74572,Standard,Tupelo,Coal,580
ZIP Code 74574,Standard,Tuskahoma,Pushmataha,918
ZIP Code 74576,Standard,Wardville,Pittsburg,918
ZIP Code 74577,Standard,Whitesboro,Le Flore,580ÿ/ÿ918
ZIP Code 74578,Standard,Wilburton,Latimer,918
ZIP Code 74601,Standard,Ponca City,Kay,580
ZIP Code 74602,P.O. Box,Ponca City,Kay,580
ZIP Code 74604,Standard,Ponca City,Kay,580
ZIP Code 74630,Standard,Billings,Noble,580
ZIP Code 74631,Standard,Blackwell,Kay,580
ZIP Code 74632,Standard,Braman,Kay,580
ZIP Code 74633,Standard,Burbank,Osage,918ÿ/ÿ580
ZIP Code 74636,Standard,Deer Creek,Grant,580
ZIP Code 74637,Standard,Fairfax,Osage,918
ZIP Code 74640,Standard,Hunter,Garfield,580
ZIP Code 74641,Standard,Kaw City,Kay,580ÿ/ÿ918
ZIP Code 74643,Standard,Lamont,Grant,580
ZIP Code 74644,Standard,Marland,Noble,580
ZIP Code 74646,Standard,Nardin,Kay,580
ZIP Code 74647,Standard,Newkirk,Kay,580
ZIP Code 74650,Standard,Ralston,Pawnee,918
ZIP Code 74651,Standard,Red Rock,Noble,580
ZIP Code 74652,Standard,Shidler,Osage,918
ZIP Code 74653,Standard,Tonkawa,Kay,580
ZIP Code 74701,Standard,Durant,Bryan,580
ZIP Code 74702,P.O. Box,Durant,Bryan,580
ZIP Code 74720,P.O. Box,Achille,Bryan,580
ZIP Code 74721,P.O. Box,Albany,Bryan,580
ZIP Code 74722,P.O. Box,Battiest,Mccurtain,580
ZIP Code 74723,Standard,Bennington,Bryan,580
ZIP Code 74724,Standard,Bethel,Mccurtain,580
ZIP Code 74726,Standard,Bokchito,Bryan,580
ZIP Code 74727,Standard,Boswell,Choctaw,580
ZIP Code 74728,Standard,Broken Bow,Mccurtain,580
ZIP Code 74729,Standard,Caddo,Bryan,580
ZIP Code 74730,Standard,Calera,Bryan,580
ZIP Code 74731,Standard,Cartwright,Bryan,580
ZIP Code 74733,Standard,Colbert,Bryan,580
ZIP Code 74734,Standard,Eagletown,Mccurtain,580
ZIP Code 74735,Standard,Fort Towson,Choctaw,580
ZIP Code 74736,Standard,Garvin,Mccurtain,580
ZIP Code 74737,P.O. Box,Golden,Mccurtain,580
ZIP Code 74738,Standard,Grant,Choctaw,580
ZIP Code 74740,Standard,Haworth,Mccurtain,580
ZIP Code 74741,Standard,Hendrix,Bryan,580
ZIP Code 74743,Standard,Hugo,Choctaw,580
ZIP Code 74745,Standard,Idabel,Mccurtain,580
ZIP Code 74747,P.O. Box,Kemp,Bryan,580
ZIP Code 74748,Standard,Kenefic,Johnston,580
ZIP Code 74750,P.O. Box,Millerton,Mccurtain,580
ZIP Code 74752,P.O. Box,Pickens,Mccurtain,580
ZIP Code 74753,P.O. Box,Platter,Bryan,580
ZIP Code 74755,Standard,Rufe,Mccurtain,580
ZIP Code 74756,Standard,Sawyer,Choctaw,580
ZIP Code 74759,Standard,Soper,Choctaw,580
ZIP Code 74760,Standard,Spencerville,Choctaw,580
ZIP Code 74761,P.O. Box,Swink,Choctaw,580
ZIP Code 74764,Standard,Valliant,Mccurtain,580
ZIP Code 74766,Standard,Wright City,Mccurtain,580
ZIP Code 74801,Standard,Shawnee,Pottawatomie,405
ZIP Code 74802,P.O. Box,Shawnee,Pottawatomie,405
ZIP Code 74804,Standard,Shawnee,Pottawatomie,405
ZIP Code 74818,P.O. Box,Seminole,Seminole,405
ZIP Code 74820,Standard,Ada,Pontotoc,580
ZIP Code 74821,P.O. Box,Ada,Pontotoc,580
ZIP Code 74824,Standard,Agra,Lincoln,918
ZIP Code 74825,Standard,Allen,Pontotoc,580
ZIP Code 74826,Standard,Asher,Pottawatomie,405
ZIP Code 74827,Standard,Atwood,Hughes,580ÿ/ÿ405
ZIP Code 74829,Standard,Boley,Okfuskee,405ÿ/ÿ918
ZIP Code 74830,P.O. Box,Bowlegs,Seminole,405
ZIP Code 74831,Standard,Byars,Mcclain,405
ZIP Code 74832,Standard,Carney,Lincoln,405
ZIP Code 74833,Standard,Castle,Okfuskee,405ÿ/ÿ918
ZIP Code 74834,Standard,Chandler,Lincoln,405ÿ/ÿ918
ZIP Code 74836,P.O. Box,Connerville,Johnston,580
ZIP Code 74837,P.O. Box,Cromwell,Seminole,405
ZIP Code 74839,Standard,Dustin,Hughes,405
ZIP Code 74840,Standard,Earlsboro,Pottawatomie,405
ZIP Code 74842,P.O. Box,Fittstown,Pontotoc,580
ZIP Code 74843,Standard,Fitzhugh,Pontotoc,580
ZIP Code 74844,P.O. Box,Francis,Pontotoc,580
ZIP Code 74845,Standard,Hanna,Mcintosh,918
ZIP Code 74848,Standard,Holdenville,Hughes,405
ZIP Code 74849,Standard,Konawa,Seminole,580ÿ/ÿ405
ZIP Code 74850,Standard,Lamar,Hughes,918
ZIP Code 74851,Standard,Mcloud,Pottawatomie,405
ZIP Code 74852,Standard,Macomb,Pottawatomie,405
ZIP Code 74854,Standard,Maud,Pottawatomie,405
ZIP Code 74855,Standard,Meeker,Lincoln,405ÿ/ÿ918
ZIP Code 74856,Standard,Mill Creek,Johnston,580
ZIP Code 74857,Standard,Newalla,Cleveland,405
ZIP Code 74859,Standard,Okemah,Okfuskee,405ÿ/ÿ918
ZIP Code 74860,Standard,Paden,Okfuskee,405
ZIP Code 74864,Standard,Prague,Lincoln,405ÿ/ÿ918
ZIP Code 74865,Standard,Roff,Pontotoc,580
ZIP Code 74866,P.O. Box,Saint Louis,Pottawatomie,405
ZIP Code 74867,Standard,Sasakwa,Seminole,405ÿ/ÿ580
ZIP Code 74868,Standard,Seminole,Seminole,405
ZIP Code 74869,Standard,Sparks,Lincoln,405ÿ/ÿ918
ZIP Code 74871,Standard,Stonewall,Pontotoc,580
ZIP Code 74872,Standard,Stratford,Garvin,580
ZIP Code 74873,Standard,Tecumseh,Pottawatomie,405
ZIP Code 74875,Standard,Tryon,Lincoln,918
ZIP Code 74878,Standard,Wanette,Pottawatomie,405
ZIP Code 74880,Standard,Weleetka,Okfuskee,405ÿ/ÿ918
ZIP Code 74881,Standard,Wellston,Lincoln,405
ZIP Code 74883,Standard,Wetumka,Hughes,405
ZIP Code 74884,Standard,Wewoka,Seminole,405
ZIP Code 74901,Standard,Arkoma,Le Flore,918
ZIP Code 74902,Standard,Pocola,Le Flore,918
ZIP Code 74930,Standard,Bokoshe,Le Flore,918
ZIP Code 74931,Standard,Bunch,Adair,918
ZIP Code 74932,Standard,Cameron,Le Flore,918
ZIP Code 74935,P.O. Box,Fanshawe,Le Flore,918
ZIP Code 74936,Standard,Gans,Sequoyah,918
ZIP Code 74937,Standard,Heavener,Le Flore,918
ZIP Code 74939,Standard,Hodgen,Le Flore,918
ZIP Code 74940,Standard,Howe,Le Flore,918
ZIP Code 74941,Standard,Keota,Haskell,918
ZIP Code 74942,P.O. Box,Leflore,Le Flore,918
ZIP Code 74943,P.O. Box,Lequire,Haskell,918
ZIP Code 74944,Standard,Mccurtain,Haskell,918
ZIP Code 74945,P.O. Box,Marble City,Sequoyah,918
ZIP Code 74946,P.O. Box,Moffett,Sequoyah,918
ZIP Code 74947,P.O. Box,Monroe,Le Flore,918
ZIP Code 74949,Standard,Muse,Le Flore,918ÿ/ÿ580
ZIP Code 74951,P.O. Box,Panama,Le Flore,918
ZIP Code 74953,Standard,Poteau,Le Flore,918
ZIP Code 74954,Standard,Roland,Sequoyah,918
ZIP Code 74955,Standard,Sallisaw,Sequoyah,918
ZIP Code 74956,Standard,Shady Point,Le Flore,918
ZIP Code 74957,Standard,Smithville,Mccurtain,580ÿ/ÿ918
ZIP Code 74959,Standard,Spiro,Le Flore,918
ZIP Code 74960,Standard,Stilwell,Adair,918
ZIP Code 74962,Standard,Vian,Sequoyah,918
ZIP Code 74963,Standard,Watson,Mccurtain,580
ZIP Code 74964,Standard,Watts,Adair,918
ZIP Code 74965,Standard,Westville,Adair,918
ZIP Code 74966,Standard,Wister,Le Flore,918
